ced_id,total_m,total_f,total_p,age_20_34,age_35_54,age_55_74,age_75_over,indigenous_m,indigenous_f,indigenous_p,birth_aus,birth_oth,lang_eng,lang_oth,aus_citizen,median_age,median_mortgage_mtly,median_income_mtly,median_rent_mtly,avg_household,edu_highschool,edu_tertiary,edu_adv_diploma,edu_bachelors,edu_postgrad,job_science,job_infotech,job_engineering,job_architect_constr,job_agriculture,job_health,job_education,job_commerce,job_society_culture,job_creative_arts,job_food_hospitality,job_mixedfield,job_pos_manager,job_pos_professional,job_pos_technician,job_pos_community_service,job_pos_admin,job_pos_sales,job_pos_mach_operators,job_pos_labourer,jobs_pos_total,rel_buddhism,rel_christianity,rel_hinduism,rel_islam,rel_other,rel_secular_spiritual,rel_none,electoral,state,division_id,yes_votes,no_votes,total_votes
101,79869,83028,162893,33790,43041,35767,22229,752,859,1618,91050,65372,79993,75423,132876,39,2500,3389.0,1885.0,2.8,86954,20322,13934,27680,13163,1809,3945,6909,2559,495,5461,4171,16085,6427,2284,2149,67,7974,18164,6052,5131,8190,3294,1990,2586,54347,7292,82781,7213,10240,968,44697,9533,Banks,NSW,103,31297,49287,80584
102,90505,91139,181643,48977,49235,33865,23173,638,717,1356,83119,90093,67338,103562,134920,36,2383,3523.0,2080.0,2.6,104412,18301,15360,35129,17923,2316,5364,7304,2783,505,6234,3799,19655,8135,3952,2658,99,9164,22793,6727,6141,8699,4302,2349,3787,65248,9333,79056,11152,14893,783,53307,12762,Barton,NSW,104,34112,43375,77487
103,93521,97697,191219,45206,54226,36845,21563,459,450,903,88189,96647,83398,100168,142506,37,2600,4082.0,2037.0,2.6,120712,16492,14921,45931,28469,3680,7397,10261,2848,674,7552,4327,24644,8702,3635,2271,64,12915,33880,6760,5155,10324,4280,1550,2239,78337,8534,82112,9759,6170,1588,71710,10841,Bennelong,NSW,105,41315,43246,84561
104,75201,77373,152571,21199,42611,35850,22992,538,480,1014,94860,54579,102018,46439,133895,43,2817,4160.0,2383.0,3.0,87208,17945,13101,31892,18734,2803,4647,8076,3223,1019,6000,4567,16554,6937,2604,1575,42,12013,23797,5812,3998,7911,2680,1022,1595,59631,4481,76944,7169,2688,1358,53154,6459,Berowra,NSW,106,38221,41983,80204
105,96511,92095,188607,47044,46307,33973,18381,515,533,1049,80982,93689,45785,126652,139647,33,2110,2409.0,1733.0,3.2,85766,17668,12849,21410,9251,1361,3538,5314,1751,247,4113,2935,10865,4654,1112,1674,83,4059,11183,4833,5028,5454,2537,2419,3069,39642,14674,58837,7557,59699,1032,28738,18027,Blaxland,NSW,107,27920,44407,72327
106,81650,87529,169182,25218,49337,35037,26432,235,215,446,87633,77546,99107,65166,137062,41,3100,4602.0,2383.0,2.8,109181,10285,12934,44045,28108,3124,5354,6825,2087,641,7444,3742,22477,9230,3262,1350,53,14878,30760,3588,3776,7927,3302,729,1329,67439,5952,71920,7323,2268,1659,68899,7979,Bradfield,NSW,108,42274,38836,81110
107,84728,84502,169232,29520,40703,40932,25901,6894,6365,13259,141740,15670,148123,8186,150314,40,1647,3280.0,1300.0,2.4,56735,34136,11097,15986,6891,1098,787,9425,3491,2505,6650,5161,9386,6425,1449,3151,83,7550,12765,8900,6934,5932,2347,3245,3348,51790,1067,95015,1196,777,962,54850,15272,Calare,NSW,109,28039,71252,99291
108,100120,101944,202063,44680,55039,34007,15642,3994,4432,8427,99496,89587,92904,94772,159822,34,2200,3246.0,1647.0,3.1,89618,24092,12797,26520,11900,1898,5434,9106,1969,591,6007,3247,14991,6089,1458,2439,72,5524,15249,6813,6816,8477,2974,5290,3648,56022,3059,98014,22101,19454,8537,35062,15786,Chifley,NSW,111,37283,53547,90830
109,72635,76813,149450,26347,39950,33876,25110,970,930,1897,108854,34974,110423,32629,134486,42,2750,4294.0,2167.0,2.5,75531,24321,14328,24559,10133,1562,1799,7595,4471,612,5609,4643,15590,6562,2569,2238,40,10872,17773,7079,4751,7665,3191,1283,1602,55103,2169,89755,993,2667,436,44921,8206,Cook,NSW,112,30876,52772,83648
110,82185,88020,170205,24399,38429,48741,35634,5979,6205,12182,136935,21684,149279,9390,151527,47,1625,2726.0,1517.0,2.3,58210,34999,12749,16518,6997,890,829,5793,3437,1489,7064,4949,8847,6651,1331,3336,61,5850,12965,6903,7520,5518,2712,1467,3203,46839,1521,82012,787,522,1838,68686,14680,Cowper,NSW,113,34493,68060,102553
111,79564,82109,161676,34441,40411,35308,24153,2164,2210,4372,119693,35323,127483,26909,142277,39,2167,3380.0,1690.0,2.5,74572,28028,12759,23985,13828,1986,1880,9237,3665,1011,7206,5620,11263,7818,2798,2282,34,7734,19800,7905,6679,6478,2517,2179,2444,56497,2084,79549,1787,3945,788,63932,9439,Cunningham,NSW,114,47599,43472,91071
112,78744,83974,162722,28134,40165,37652,26719,4682,4775,9451,131304,23110,143308,10654,146834,41,1957,3111.0,1690.0,2.6,56689,34330,12357,14357,5681,850,1146,6476,4188,1095,6119,4529,9836,6457,1616,2938,45,6030,11640,8092,7133,5961,2676,2058,2820,47137,1403,83897,983,687,804,63765,11052,Dobell,NSW,115,32032,58288,90320
113,80807,80724,161530,26340,41398,43190,23162,3179,3090,6268,127896,23357,138683,12747,144363,43,1820,3783.0,1387.0,2.4,68827,30084,12632,18816,11174,1717,2027,8049,4235,2371,5448,4661,10657,7970,1960,3081,51,10475,14053,8265,6261,6916,2408,2036,3198,54662,1370,76790,1787,1125,1416,66094,12825,Eden-Monaro,NSW,117,36483,55712,92195
114,85777,87339,173116,29324,40453,44130,28929,4154,4329,8487,138948,19843,144778,14907,149843,42,1300,3224.0,1083.0,2.4,54748,32466,10874,14431,5605,908,844,8307,3372,3435,6060,5227,9193,5593,964,3191,74,8325,11229,8271,6407,5576,2350,2554,4138,49689,1065,92566,2920,1361,2304,57349,15482,Farrer,NSW,118,23376,70335,93711
115,85684,87839,173523,37303,44194,38338,19273,720,771,1494,67784,94990,43208,117459,135661,38,1950,2258.0,1603.0,3.0,74649,18549,10967,17057,5203,1182,2013,4996,1606,211,3625,2512,8851,4225,1093,1575,77,3330,9408,4295,4106,5104,2088,2463,2185,33760,33205,78003,3309,13034,4552,27472,13925,Fowler,NSW,119,32469,48217,80686
116,80692,83053,163743,22435,35391,51595,35337,4812,4718,9530,130609,22403,145381,7647,147269,49,1733,2838.0,1517.0,2.3,57793,35459,13076,16392,8425,1016,649,7050,4450,1447,5798,4549,8053,6235,1431,2960,37,6463,11857,8127,6573,4940,2527,1539,2949,45669,1271,79234,685,419,671,68114,13175,Gilmore,NSW,120,38309,61580,99889
117,73515,77216,150729,38218,47385,27808,15087,855,940,1794,95463,48979,108065,35890,127004,38,3000,5434.0,2167.0,2.3,97077,12801,11854,39945,23366,3023,3169,5247,3379,803,6527,4170,17286,13830,9332,1853,47,14410,33301,5032,4350,7503,3137,979,1604,71213,4534,53387,3039,1780,808,77322,9059,Grayndler,NSW,121,61733,20566,82299
118,101385,100159,201542,42507,62509,31339,14217,1748,1546,3293,101159,92254,95650,95478,159857,35,2500,4034.0,1950.0,3.1,103521,23012,14942,34745,19980,2891,8507,11568,2733,791,6830,4790,20145,7236,2098,2707,61,10396,25196,7826,6864,10652,3645,4170,3042,73093,4650,86554,35641,12174,12114,38135,12180,Greenway,NSW,122,40431,52151,92582
119,74052,76248,150300,25533,42074,31728,18953,1164,1153,2315,114535,32043,119048,26315,138222,39,2600,4320.0,2123.0,2.9,73160,26138,14032,22868,10737,1829,2349,8874,3958,814,5483,5559,14667,7110,2470,2134,38,9806,18641,8012,5528,8337,2705,1466,1789,57010,2083,87168,2727,3245,598,47410,6901,Hughes,NSW,124,35137,48547,83684
120,85432,86665,172094,31155,44283,37782,20856,3595,3555,7151,141604,22194,150163,13200,156972,38,2167,3705.0,1733.0,2.8,60701,36459,13300,15247,7040,1088,1071,10149,5130,1882,5691,5835,10899,7341,1557,2978,56,8758,12557,10366,7048,7123,2871,3117,3126,55893,1319,101903,1118,1855,813,53896,11086,Hume,NSW,125,25338,70079,95417
121,87036,87384,174420,32192,42562,40757,26319,7278,6751,14028,149063,17018,156851,7486,158742,40,1748,3163.0,1517.0,2.6,52816,40689,11829,13178,5468,923,835,12186,3306,1331,5919,4175,9778,5979,1187,3427,50,5860,10728,10818,7089,5930,2574,4371,3105,51283,1212,89457,847,626,611,68963,12635,Hunter,NSW,126,29276,72195,101471
122,89527,92410,181933,51110,50188,31916,21347,1696,1697,3388,94444,78407,108550,62272,135571,36,2870,4515.0,2383.0,2.4,110545,19211,14714,39962,22144,3087,3429,8369,4344,778,7935,4389,21251,10414,5087,2746,79,12940,29145,7669,5887,8737,4087,1959,2869,74553,5909,85707,2917,4939,754,62577,13467,Kingsford Smith,NSW,127,46221,37072,83293
123,92631,95216,187851,41750,50932,33798,17002,4908,4969,9879,134364,43044,140101,35601,162174,35,2167,3753.0,1712.0,2.7,71280,33978,13107,17612,8468,1314,2476,9551,3992,994,5923,4819,13286,7441,1904,3066,58,7178,13887,9107,7260,8597,3021,4033,3105,57189,2141,99724,6702,5181,3071,56675,14282,Lindsay,NSW,128,29884,65674,95558
124,76884,80459,157347,18592,33295,51145,36881,5224,5341,10569,132040,14783,143609,4348,144184,51,1625,2600.0,1408.0,2.3,47116,35597,11657,12691,5186,656,537,6822,3380,1598,5739,4107,6990,5150,903,2698,35,5482,9597,7141,6271,4473,2248,1893,2799,40566,937,85109,387,281,533,58014,11981,Lyne,NSW,130,26017,73649,99666
125,101285,104213,205501,45073,55186,36267,15210,3737,4106,7841,130554,65264,126911,67186,175801,34,2200,3493.0,1733.0,3.0,85383,32479,15153,21691,10470,1528,3391,9522,3435,747,6463,5108,14687,7767,1751,2951,65,7235,15729,8698,7644,8645,3555,4015,3314,60005,4978,106170,11391,20059,3408,46243,13163,Macarthur,NSW,131,36421,67143,103564
126,75968,79420,155387,22854,42681,35727,27168,602,510,1117,107435,43166,126909,22912,136816,43,3033,4411.0,2600.0,2.7,84391,22573,15486,29097,12657,2074,2198,6783,4654,1172,5587,4726,16603,7406,3882,2242,26,13041,19710,7372,4940,6915,3309,1300,1887,59338,2230,76875,1416,757,864,64879,7875,Mackellar,NSW,132,43454,41697,85151
127,71325,74011,145330,23626,37644,36729,20615,2661,2696,5358,117229,22544,129796,9827,133055,42,2167,3631.0,1733.0,2.6,62201,28313,12882,18598,11098,1467,1217,7517,4025,1675,5367,5844,9147,7271,2763,2284,42,7599,15175,8311,5771,6150,2274,2005,2358,50383,1520,72983,697,608,1068,60031,8194,Macquarie,NSW,133,37317,47846,85163
128,87426,88217,175649,36410,45404,35685,18990,1114,1230,2344,86231,79034,68913,94350,138679,36,2167,2609.0,1777.0,3.1,71328,22160,11823,17105,6252,1263,2160,6218,2414,367,3599,2944,10289,4829,1175,1686,37,4646,10078,5663,4312,6338,2181,2512,2178,38749,9229,97938,4926,24206,2121,24405,12781,McMahon,NSW,315,26638,50784,77422
129,92376,95838,188212,30502,57995,35094,20144,565,569,1134,106496,77622,107097,75950,159513,38,2990,4446.0,2427.0,3.1,106081,20540,15759,38225,21913,2921,6621,10263,3343,746,7484,5469,22630,7784,2679,2204,48,14690,29022,6697,5198,10394,3921,1554,1837,74401,5819,95353,15606,8943,4040,50669,7575,Mitchell,NSW,134,38465,54541,93006
130,77752,80894,158649,26908,36233,40017,27264,8045,8361,16409,130246,14513,136639,8717,138212,42,1400,2990.0,1213.0,2.4,51766,30141,9685,13693,6619,1069,604,6787,2837,3221,6001,4836,8003,5783,993,2592,61,7221,11093,6749,5922,4938,2257,2264,3861,44940,997,88592,1178,809,1417,50150,15425,New England,NSW,135,22517,69167,91684
131,81680,84482,166162,40595,42196,33907,21037,3455,3573,7026,134058,24893,140700,17670,147916,37,2000,3757.0,1733.0,2.4,79212,27880,12436,27375,13257,2044,1610,9164,3761,1065,10089,5630,12237,8416,3152,2932,44,7993,23937,8046,7207,6958,2762,2032,2413,62114,1794,72700,1845,2802,869,75893,10106,Newcastle,NSW,136,50627,42586,93213
132,80375,86835,167209,35021,51255,32691,21106,313,292,606,93694,67639,110241,50150,134902,39,3033,6075.0,2431.0,2.3,112482,10716,12842,48397,29315,3301,5089,6918,2800,694,7826,3715,26233,12586,4925,1752,30,17886,37179,3997,3718,8451,3703,689,1164,77990,5246,70980,5184,1987,1067,71280,9899,North Sydney,NSW,137,48651,31969,80620
133,83408,85376,168784,24651,39505,49358,29561,5668,5535,11198,139193,16823,148134,7771,150598,46,1517,2752.0,1387.0,2.4,54934,34481,11799,15680,6484,983,677,6369,3296,2286,6268,4941,7947,6632,1562,2953,43,6143,11482,7025,7233,5359,2394,1871,3986,46207,1496,79180,450,422,2536,68413,16165,Page,NSW,138,31795,65603,97398
134,76753,78220,154967,28476,35585,37174,23752,12323,13025,25343,125770,10241,129567,7218,131411,39,1300,3263.0,1083.0,2.4,44547,27238,8209,11728,4426,649,542,7523,2326,3144,5421,4841,7625,5003,619,2308,59,7127,9778,6486,5971,4697,1926,2704,2858,42258,743,85752,1610,747,702,45439,19945,Parkes,NSW,139,17547,65491,83038
135,103754,99517,203278,56138,57650,32095,16794,799,790,1589,77608,113291,64772,124462,134122,34,2167,3523.0,1820.0,2.7,115565,17260,14875,40204,25510,3009,10274,10978,2298,573,7122,3682,20181,6980,2144,2216,78,8660,27741,6537,6577,9479,4097,3706,3847,72196,6904,71213,40401,21391,4747,42363,16143,Parramatta,NSW,140,32921,38369,71290
136,85927,89647,175578,32513,42050,41668,26439,6572,6958,13532,149971,17791,159215,8412,161817,40,1733,3129.0,1582.0,2.5,55202,40053,12856,13262,5400,952,969,10933,3292,1105,5930,4089,10429,6481,1263,3576,44,5742,10908,10350,7803,6437,2751,3318,3091,51207,1103,91659,941,777,898,69916,10203,Paterson,NSW,249,31679,74733,106412
137,100054,101763,201820,61996,54431,35513,20747,728,532,1254,88557,104540,81637,109040,139869,35,2500,4151.0,2210.0,2.5,129074,16825,18032,47721,27497,3011,7726,9267,3231,540,8828,4481,26689,9704,4032,2843,85,14132,33095,6882,6085,10546,5128,2054,3844,83408,10807,83594,18175,7452,1267,66669,13600,Reid,NSW,144,41765,39646,81411
138,80437,86993,167436,23848,41895,47060,31761,3067,3197,6265,127362,27493,145033,10026,145587,46,1950,3029.0,1863.0,2.4,68189,30687,14182,21434,8774,1128,767,5646,4620,1626,7286,5077,9048,6947,3326,3510,35,7446,14808,8228,7101,5085,2900,1496,3362,51329,2112,69317,996,222,1204,76932,16028,Richmond,NSW,145,41020,52526,93546
139,79774,81571,161349,28996,36623,38948,26470,6062,6018,12076,136391,13574,140614,9410,143718,40,1309,3181.0,1127.0,2.4,51493,31224,9822,13787,5321,793,644,7490,3143,3378,6107,5046,8583,5508,1033,2805,83,7811,11428,7481,6537,5086,2296,2301,3202,46823,774,97762,1011,1298,1515,45617,13338,Riverina,NSW,250,23007,70633,93640
140,73596,78375,151973,23287,38315,39190,28442,2601,2716,5319,115632,29181,131452,13046,135511,44,2150,3298.0,1733.0,2.4,64310,28640,13376,19522,8747,1218,1499,6024,3818,1133,6568,4349,10679,6579,2460,2394,49,7291,15280,7052,5742,6188,2498,1414,2313,48495,1789,75551,1189,724,702,62188,9530,Robertson,NSW,146,36887,47817,84704
141,74146,77775,151922,24658,37389,38052,27598,3961,4079,8044,129930,16013,138593,7216,140993,43,1950,3228.0,1625.0,2.5,53559,32828,11785,16371,6700,1054,911,8274,4095,866,6454,4702,9600,5992,1545,2525,28,5905,13836,8328,6404,6040,2255,2009,2324,47685,1095,76677,635,469,587,64250,8112,Shortland,NSW,148,34292,54652,88944
142,106905,97307,204215,87388,60018,28641,12646,1555,1420,2968,90579,99956,117313,72381,131428,33,2700,5321.0,2405.0,1.9,150897,14784,17991,63022,35807,4580,6361,8126,4304,824,8140,3704,30985,17777,11183,3892,120,19787,47567,7281,6789,10201,5307,1579,3477,103749,13671,55375,3655,3409,1143,107051,17948,Sydney,NSW,149,55522,22282,77804
143,72669,78145,150819,27405,44984,30863,20482,392,348,740,94380,51825,120160,25534,127222,40,3300,5763.0,2708.0,2.5,95130,13602,13003,39443,19923,2551,2612,5569,3605,800,5726,3833,21800,10934,4994,1743,38,16442,27509,4786,3989,6822,3483,877,1225,66193,2133,69035,1291,815,686,68286,7768,Warringah,NSW,151,46687,31771,78458
144,92809,90349,183154,42580,48370,34415,20968,484,554,1031,82452,89426,54984,115098,138707,36,2167,2713.0,1733.0,2.9,92395,17583,13440,26603,12831,1673,3597,5510,2191,356,4746,3583,13356,6180,2158,2101,85,5964,14992,5287,5338,6594,3289,2454,2702,47643,9112,73205,6428,45885,884,32972,14557,Watson,NSW,251,31598,43653,75251
145,70021,76081,146102,36908,42073,27060,19809,330,288,618,84217,54825,111590,26271,117285,38,3500,6574.0,2817.0,2.2,99614,9814,10900,44608,22006,2187,1789,4164,3464,516,6290,2975,21859,14027,7097,1628,42,16120,32459,3617,3373,6124,3723,583,1105,68541,1883,51077,771,722,428,60395,11139,Wentworth,NSW,152,44976,26740,71716
146,98652,100525,199172,41004,53896,35916,15263,1751,1904,3657,100705,88235,74934,111483,167627,34,2200,2908.0,1820.0,3.3,88505,24402,13934,22087,8768,1605,3334,7645,2349,386,5443,4124,12975,5700,1394,2004,59,5915,14190,6382,5675,7588,2725,3267,2568,49299,14662,94318,12690,31811,5280,26563,13814,Werriwa,NSW,153,34667,58415,93082
147,82035,86507,168545,28908,41097,40323,28789,3525,3637,7158,131235,29550,143112,17493,152614,41,2080,3163.0,1777.0,2.6,59640,35920,13274,15470,7331,990,1144,8944,4289,1112,5927,4502,10480,7260,1628,3101,38,6361,12472,9560,7325,6378,2721,2713,3081,51408,1298,90593,1119,2737,708,61688,10233,Whitlam,NSW,150,35889,65042,100931
201,77940,81164,159103,29880,43828,36528,21336,492,527,1022,101819,52582,108159,45732,136136,40,2000,3454.0,1733.0,2.7,80120,24327,14406,24720,12172,2229,3802,9134,3683,885,6393,4608,13667,6646,2299,2695,42,8263,17865,8968,6359,7673,3412,2054,2717,58245,6881,67871,5662,2457,1888,66169,8025,Aston,VIC,197,34646,46807,81453
202,74181,78063,152243,27520,38179,36871,21507,1291,1347,2638,126487,17293,134667,9407,137432,41,1500,3181.0,1278.0,2.4,61430,26914,11734,17793,10040,1186,1468,6373,3694,1728,7099,5151,8383,7018,2116,2752,44,6703,14459,7868,6779,5467,2464,1849,2847,49081,1167,62821,1393,834,1294,73988,10650,Ballarat,VIC,198,36411,49979,86390
203,74267,78286,152555,26657,37373,38470,24146,1550,1557,3107,127644,15781,133894,9085,136879,42,1452,3172.0,1300.0,2.4,59269,27165,11665,17358,9522,1148,1097,6499,3577,1692,7756,5180,7411,7001,1912,2697,51,6222,14692,7447,6750,4974,2327,1916,3054,48075,1746,61451,901,810,971,74620,11943,Bendigo,VIC,200,35810,52233,88043
204,90343,88799,179139,38708,47937,36634,19312,463,542,1013,87697,82003,84612,83669,141046,37,1800,2994.0,1517.0,2.9,83201,25191,14812,20765,9955,1835,3394,9549,3384,644,5447,3836,12181,6689,1541,2830,59,6079,13279,9103,6754,7049,3054,3466,4038,53960,9435,74617,8411,24781,4217,45222,12296,Bruce,VIC,201,33152,43719,76871
205,94756,93729,188482,45587,51173,28569,11378,639,630,1271,93284,85251,66341,109831,145344,32,1834,2700.0,1599.0,3.2,82253,21746,14179,19831,10241,1702,3754,8091,3099,491,4829,3899,10694,6578,1240,3154,54,5033,11704,7675,7487,6297,2929,4345,3645,50211,5211,77008,11037,44950,11098,26481,12654,Calwell,VIC,203,30349,43326,73675
206,77906,79535,157444,28025,42274,36974,19943,866,851,1716,125122,26480,139114,12500,142751,40,1950,3506.0,1647.0,2.7,67337,31175,14286,18442,9021,1662,1583,8772,5880,2002,6387,5620,9163,7413,2624,2914,34,8348,14670,11290,7027,6450,2625,1997,3007,56279,1575,59461,792,418,998,84926,9059,Casey,VIC,204,36545,48325,84870
207,90099,93552,183655,41521,47694,36159,31407,237,227,470,85493,91288,84386,92059,134855,39,2400,3181.0,1907.0,2.6,111700,14714,15136,40019,25479,3616,6728,9190,2446,617,7550,4330,19597,7085,2844,2272,51,10984,27177,6246,5667,8469,4156,1826,2933,68693,13805,68402,11813,4138,2271,72495,10266,Chisholm,VIC,205,38202,37000,75202
208,75990,80287,156279,39666,46831,27315,19361,717,780,1499,101021,48652,99594,49861,131011,37,2100,3848.0,1651.0,2.4,90944,15247,11651,32417,20601,3178,3288,6180,3294,1004,7311,5070,12743,11145,7229,2314,45,10016,27416,6594,6105,7056,3046,1716,2641,65590,4052,59479,3853,6425,1253,71584,9255,Cooper,VIC,320,51753,25955,77708
209,74092,78661,152752,26838,38446,36398,23451,720,748,1467,124014,22011,135313,10675,137995,40,1820,3519.0,1733.0,2.6,69334,26476,14229,21773,10669,1623,1278,6847,5102,1505,8004,5677,9484,7167,2342,2880,41,7704,16442,8795,7286,5688,2741,1745,2818,54031,1183,65506,1373,837,1020,73212,9522,Corangamite,VIC,328,41548,43132,84680
210,77971,81268,159242,34180,40647,34902,21998,1211,1180,2396,120885,30472,127478,22788,137815,39,1700,3306.0,1387.0,2.4,68776,26101,12552,20898,10799,1599,1596,7149,4553,992,7904,4906,9725,7606,2415,2858,40,6633,16369,8171,7469,5676,2699,2429,3233,53535,1833,70451,2317,3268,1750,68097,11419,Corio,VIC,208,38286,44604,82890
211,80822,86289,167110,30129,46526,35694,25825,453,444,889,112961,49276,118998,42387,142046,40,2070,3605.0,1699.0,2.6,86787,21950,14954,29083,16341,2433,4209,8179,4016,1001,7220,5571,14765,7621,2853,2532,46,9493,22324,8124,6573,7818,3247,1557,2456,62549,5091,71009,4080,1946,1762,74514,8525,Deakin,VIC,209,39198,39387,78585
212,77143,80871,158012,28561,43802,34518,20912,944,950,1897,116583,33981,133390,16921,138815,40,1898,3549.0,1560.0,2.5,68772,28837,14529,18091,8220,1330,1592,7696,4847,1158,6721,5148,10496,7162,2238,2961,44,7628,14208,9614,6897,6315,3147,2017,2937,53606,1829,61405,1534,1206,937,80054,10670,Dunkley,VIC,210,35530,43377,78907
213,72638,77714,150355,20472,35361,42709,34294,862,768,1634,115498,25687,133808,8011,134924,48,1949,3228.0,1625.0,2.3,63533,27902,14090,17486,7788,1027,802,6210,4937,1493,5807,4850,8209,5799,1877,2837,31,7515,11988,8759,5817,4719,2595,1242,2561,45949,979,63020,282,277,447,73760,11291,Flinders,VIC,211,36233,47794,84027
214,88791,87592,176388,47724,49313,31857,18527,512,485,991,82238,83211,70818,93895,133631,36,1850,3107.0,1517.0,2.6,91959,17833,12192,28292,14962,2356,4205,6848,2705,615,5882,3967,13616,8169,4117,3104,64,7466,19262,6548,6433,7143,3247,3381,3833,58506,20964,65403,6279,10071,2516,57110,13892,Fraser,VIC,321,42293,31435,73728
215,95075,94911,189984,38511,60598,28968,14654,693,538,1238,102974,78611,102615,77173,145337,35,2100,4056.0,1699.0,2.8,98108,19802,14764,32741,20129,2605,6694,10356,3536,730,6508,4878,18039,8016,3048,3274,44,11478,23763,7916,6863,8904,3587,3645,3033,70653,5256,73005,18493,13225,6359,60839,12634,Gellibrand,VIC,212,43414,37220,80634
216,76298,78058,154357,24581,35175,44756,27349,1906,1912,3820,123600,18410,134378,7887,135949,46,1300,2791.0,1083.0,2.3,49471,31561,11091,12051,5551,776,649,7895,3260,1927,5623,4171,6007,5583,1012,2744,25,5658,9999,7646,6158,4446,1974,2126,3101,41855,1086,62805,631,771,818,73368,14809,Gippsland,VIC,213,25020,66906,91926
217,74264,80469,154736,23311,43649,36038,23978,204,181,386,102484,47290,117819,31584,133524,43,2800,4628.0,2123.0,2.5,94048,12613,13188,37119,20003,2815,3329,5891,3151,598,6914,4496,18637,8649,3618,1765,33,14929,25511,4445,4126,6725,3398,720,1279,62171,2336,62291,2901,1011,652,66449,8102,Goldstein,VIC,214,45626,34560,80186
218,89201,88900,178100,37670,51814,31850,13748,649,416,1069,94875,75777,78373,88841,145325,35,1900,3215.0,1647.0,3.1,84699,22588,13230,23049,9341,1821,3762,8712,3271,388,5483,4187,12881,6319,1627,3191,48,6382,14279,7867,6578,7866,3092,3746,3204,54212,10815,93846,8274,12743,6948,33062,12377,Gorton,VIC,309,32030,49360,81390
219,81404,83986,165389,34812,45051,30735,13857,1218,1233,2454,116711,39891,121179,35100,140712,35,1733,3367.0,1478.0,2.8,65883,29574,13050,15163,7283,1244,2183,8627,4119,965,4957,4868,9613,6809,1574,3074,51,5623,11050,9110,7468,6606,2742,3838,3162,50543,2051,76322,4142,5457,5919,59995,11413,Hawke,VIC,326,28385,49945,78330
220,74497,80562,155062,43333,41877,29713,21082,279,227,507,98440,50446,110412,38194,126154,37,2450,5278.0,1820.0,2.2,106322,10469,12153,45179,25400,3513,4074,5867,3237,658,9084,4309,21722,10947,5463,2107,37,14840,33871,4515,4630,7845,4075,880,1718,73567,3693,59054,5300,1767,791,68687,9317,Higgins,VIC,215,44694,27809,72503
221,93534,93721,187255,43209,53319,26993,11418,767,725,1491,99847,78897,98187,78879,147454,33,1900,3415.0,1647.0,3.1,80392,28216,15788,19270,9319,1565,3826,10163,3691,864,6645,3828,12297,7722,1461,3993,51,5843,12286,10211,9029,7370,3367,4987,4730,59038,8931,68159,13214,20055,10805,54345,11613,Holt,VIC,216,34089,43399,77488
222,98421,97169,195590,49838,51758,36719,25927,315,296,615,84215,103430,75459,110949,143656,37,2000,3012.0,1660.0,2.7,105262,19507,14578,31623,17905,3023,6023,9375,2830,594,6725,3909,16671,6920,2341,3458,92,7676,20409,8056,7148,7884,3823,3594,4936,64925,24140,74269,11461,10424,4760,55277,11638,Hotham,VIC,217,40171,39947,80118
223,77010,79610,156620,23333,37358,44422,27305,1594,1734,3325,129088,16367,138386,7822,140676,45,1408,3189.0,1170.0,2.3,56048,31519,12946,14808,7379,1075,736,7862,3833,2802,6915,5096,7930,6279,1330,3245,51,8068,11832,8461,7029,4986,2360,2338,3656,49494,1071,69388,922,408,800,70656,13285,Indi,VIC,218,29555,60597,90152
224,77828,82689,160526,28228,47250,33576,21808,361,369,732,104131,51321,111369,43368,139081,40,2167,3861.0,1759.0,2.6,83492,21142,14365,26844,12982,2289,3192,7938,3853,801,6738,5285,14743,7188,2865,2514,47,10267,20028,7881,5786,7605,3302,1648,2213,59668,5920,68293,3745,7459,1425,63965,8280,Isaacs,VIC,219,41868,39494,81362
225,77412,81452,158869,27768,44258,35971,22406,530,510,1039,117204,37006,122659,31331,141679,41,2167,4026.0,1733.0,2.6,86447,19595,13197,30444,18357,3095,3065,7699,3968,889,8127,5660,13657,8528,3480,2043,33,10743,24715,7343,5704,7240,2729,1254,1896,62452,2761,70295,2531,3341,920,71207,7575,Jagajaga,VIC,220,46571,37713,84284
226,78044,85306,163354,32934,42788,35854,24197,231,194,425,104559,54034,110140,48247,137099,40,2936,4585.0,1954.0,2.5,107955,9757,12298,44294,27300,3368,3899,6049,2846,670,9947,4430,19988,9766,3997,1539,60,14260,32289,3787,4098,7502,3593,691,1396,68718,5618,67483,4189,1893,988,74062,7904,Kooyong,VIC,221,48046,31143,79189
227,83354,86111,169469,36146,47587,27041,14841,649,715,1362,111990,49896,118865,42571,142457,34,2000,3692.0,1625.0,2.9,73422,28097,15103,19229,9897,1611,3169,9629,4545,1274,6902,5020,11791,7082,1713,3571,43,7538,14576,10313,7841,7234,3232,3489,3678,58959,6333,65799,8024,5891,6713,66270,10323,La Trobe,VIC,223,30867,47691,78558
228,100992,100333,201323,49088,57708,27841,11253,922,1042,1965,99417,90932,94342,94570,146844,32,1814,3471.0,1538.0,3.0,93968,24814,15592,26472,17539,2215,7726,10718,3335,741,6103,4092,15286,7385,1660,4029,63,6830,17514,8930,8930,8548,3823,6223,4347,66631,5051,74527,26188,20479,13684,46912,14424,Lalor,VIC,222,39100,43187,82287
229,82107,85969,168080,51969,49991,30770,16778,381,366,747,95504,62953,114513,43454,125526,36,2167,5378.0,1824.0,2.0,115249,13234,14281,47188,28389,3335,4731,7113,4195,775,8455,4644,23515,13210,7275,3014,62,16435,36620,5917,6247,8676,4323,1175,2505,83383,3651,48488,4988,2490,932,77312,13533,Macnamara,VIC,322,44633,22199,66832
230,83340,84301,167639,27797,38126,45842,30858,2541,2748,5295,135141,18348,140635,13953,145100,45,1083,2869.0,997.0,2.3,51051,30439,10747,11797,4688,754,523,6661,2768,4035,5934,4474,6746,5691,878,2973,81,7936,9897,6719,6315,4154,2088,2182,3951,44052,2308,76613,901,2038,1157,68850,15719,Mallee,VIC,224,19517,72575,92092
231,74746,78659,153408,33533,43325,31334,21566,377,355,729,103645,43891,103430,43935,133063,39,2167,4034.0,1677.0,2.4,84664,17644,11961,29643,16012,2619,2904,7047,3559,705,6957,5099,14803,8195,3576,2227,42,10408,23243,6196,5129,7638,2897,1494,2140,60134,4014,80991,3317,5660,812,50506,7943,Maribyrnong,VIC,225,38917,36006,74923
232,79087,80801,159894,29043,45630,30921,14152,994,952,1943,122561,30423,127556,25340,141972,36,2000,3818.0,1651.0,2.9,70601,27728,14007,19159,10308,1718,2137,9277,5058,1422,6594,5599,10224,7150,2013,3112,47,8049,15142,10276,7440,6726,2774,2556,2853,56765,1883,69123,4459,3486,4082,67430,9329,McEwen,VIC,226,31474,45865,77339
233,98410,101559,199964,95302,49150,24517,12182,580,520,1105,98288,88437,114188,72018,129088,31,2100,4572.0,1733.0,1.9,148166,12584,14475,61442,38862,5302,6845,8975,5149,1035,10527,4500,24356,16899,11048,3722,85,15597,49109,7267,8476,9908,5019,1526,3737,102279,10674,46987,7658,6760,1219,108587,17108,Melbourne,VIC,228,52933,14162,67095
234,83846,89005,172855,31378,46667,37970,30893,248,226,481,93770,73741,90405,76877,138694,42,2383,3332.0,1911.0,2.7,99930,16339,14688,36254,20015,2907,4817,7849,3298,631,7763,4325,17761,7028,2714,2320,47,11107,24348,6425,5389,7898,3904,1257,2199,63693,7975,75751,4042,4985,2008,68994,8706,Menzies,VIC,229,35483,42284,77767
235,71468,74883,146349,21872,33480,42914,26735,1016,980,1995,117092,18953,129986,7095,131057,46,1500,2873.0,1257.0,2.3,50761,29833,11400,13141,6332,873,677,6924,3888,2168,5230,4496,6339,5624,1261,2617,34,6281,9945,7736,5885,4289,2230,1914,3244,42220,1109,59059,464,342,728,72480,12072,Monash,VIC,323,29237,56934,86171
236,79509,80000,159507,26652,37470,41618,27665,2491,2561,5063,126983,20069,131544,16208,138224,43,1300,2964.0,1105.0,2.4,50160,29218,10911,11794,5117,863,583,7450,2989,2742,6066,4278,6762,5674,826,3026,47,6941,10003,7436,6191,4133,2102,2146,4061,43766,1375,74766,1250,4778,2090,61355,13844,Nicholls,VIC,324,21466,67474,88940
237,84897,85498,170399,37767,47336,31873,17821,718,799,1513,92633,70471,75286,86788,138818,36,1815,3007.0,1599.0,2.9,80961,22136,13505,20380,11007,1904,3649,7870,3288,509,5830,3763,11445,6616,1662,3288,55,5528,13505,8044,7269,6942,3246,3344,3561,52504,6440,82830,10671,18320,6706,35242,10131,Scullin,VIC,232,29081,47113,76194
238,76844,77714,154555,23837,36473,44048,27224,1493,1392,2889,129664,14101,137470,6161,137555,46,1300,3107.0,1083.0,2.3,53908,28823,11429,14511,6554,987,523,6434,3493,4083,6628,4745,6577,5820,1248,3178,29,8498,10933,7160,6356,4126,2120,2072,4134,46151,906,69708,533,393,522,68580,13794,Wannon,VIC,233,28510,61699,90209
239,77216,81096,158319,45942,45250,24511,18656,483,516,1000,98820,52799,95531,55638,129396,35,2032,3926.0,1733.0,2.4,93078,15510,11762,33111,21250,3449,3735,6922,3491,928,7270,4983,12869,11182,7110,2552,52,9642,27870,7037,6517,7554,3033,1828,2760,67315,3221,58201,5965,16236,1010,64119,9280,Wills,VIC,234,48552,24902,73454
301,93989,95955,189948,40019,48935,36179,18619,5280,5398,10682,146810,32538,160014,18069,163698,35,1517,3311.0,1387.0,2.7,73237,39056,13673,14955,6407,1122,1585,10089,3305,1275,6355,5030,11051,8243,1474,3697,127,6215,12268,9842,9191,7013,3101,3400,4226,56282,1505,85874,2369,1223,1902,81507,15492,Blair,QLD,304,26646,60938,87584
302,79425,83459,162883,29997,47432,31975,19636,1628,1666,3295,108700,48959,121271,35899,138438,38,2167,3930.0,1842.0,2.7,86770,23332,13396,28480,14153,2018,2955,8995,3606,759,7547,5226,15993,7347,2721,2765,77,9845,22057,7450,5792,7941,3373,1946,2692,62030,3527,79192,4125,2683,1442,63213,8492,Bonner,QLD,310,30293,42210,72503
303,77727,81498,159222,24271,41329,40907,24695,2288,2366,4654,116956,36718,141607,11835,141606,43,1950,3406.0,1820.0,2.6,70355,33505,14857,16855,7196,1132,1386,9355,4381,960,5948,4651,11623,6492,1702,3220,63,7753,12926,9418,6680,7195,3050,2158,2935,52936,1389,78951,970,593,1034,67660,8505,Bowman,QLD,155,23103,57825,80928
304,91020,92237,183255,61864,52119,28854,13716,1292,1300,2592,120712,53717,140323,33591,145921,34,2167,4940.0,1798.0,2.1,124534,19143,15087,49181,24964,3318,4239,9705,4108,945,11927,4767,23992,13174,6393,3718,113,14896,38823,7099,7561,9670,4524,1667,3619,89106,3915,74005,4495,2009,1192,84715,12584,Brisbane,QLD,156,46118,34152,80270
305,81784,78011,159792,30857,41700,35245,18368,5296,5025,10323,127976,15727,135107,8144,136336,38,1517,3597.0,1213.0,2.5,55487,32937,8305,11964,4490,863,641,12143,2723,1176,5470,4577,7565,4929,714,3060,98,4879,10509,10406,5833,4848,1903,4198,2954,46354,1036,79398,1059,613,653,58100,18908,Capricornia,QLD,157,15950,65001,80951
306,81985,80096,162083,31293,42877,37233,19301,5568,5300,10868,125227,22774,135094,11728,136978,39,1625,3644.0,1387.0,2.5,59435,33972,9638,13560,4896,1038,619,12486,3280,1126,6101,4554,8534,5265,1009,3530,61,5960,11592,10898,6366,4968,2373,3704,3392,50086,1199,80830,1033,550,740,60045,17621,Dawson,QLD,158,16432,67188,83620
307,78905,80662,159571,28283,45710,33208,16124,2184,2201,4389,122552,32140,140402,14003,143417,38,1918,3844.0,1625.0,2.8,77313,30158,14195,20767,9255,1579,2057,9381,3984,1044,7019,5197,12766,7663,2258,3016,55,8397,17080,9091,7147,7738,3030,2043,2701,58054,1192,77922,1962,584,1010,68724,8091,Dickson,QLD,252,27271,49058,76329
308,94416,100202,194617,38046,51469,42440,26412,2265,2369,4633,123332,60443,155747,27325,155126,39,1950,3337.0,1907.0,2.6,86927,37008,17951,20660,9507,1237,1741,8811,4884,930,8100,4718,14589,8115,2310,4775,73,8538,15426,10180,8548,7478,4901,2780,4045,63023,2614,85835,2335,3115,1875,83731,14763,Fadden,QLD,159,22658,61764,84422
309,81533,87937,169466,26312,44738,43066,27550,1951,2061,4015,125461,35677,150378,10412,147080,43,1900,3306.0,1885.0,2.5,77190,33370,15563,21775,9439,1251,1175,7556,4989,1472,8580,5390,11062,7217,2344,3869,64,7605,16058,9432,7843,6352,3542,1907,3591,57258,1703,73234,1112,463,851,79858,12064,Fairfax,QLD,160,31302,58378,89680
310,82661,89519,172185,28699,43358,42967,29755,2143,2168,4312,128350,34894,152874,10537,149541,43,1944,3241.0,1928.0,2.5,76172,34913,15259,20702,8716,1246,1004,7855,5018,1323,8758,5235,10618,7199,1955,3907,88,7244,15483,9559,7965,6334,3490,2031,3637,56593,1667,75891,1168,381,945,79652,12345,Fisher,QLD,161,28510,60851,89361
311,80918,77766,158677,27441,41410,37838,17064,5305,5572,10875,126176,17666,136827,7697,136554,39,1500,3176.0,1127.0,2.5,50948,34057,8141,10003,3244,669,494,12346,2528,1804,4217,4446,6799,4002,549,2708,59,5402,8177,9747,5081,4185,1934,4298,3623,43375,1077,75051,847,496,693,63211,17268,Flynn,QLD,311,13247,66796,80043
312,94551,98792,193345,41542,50523,35535,19278,3461,3775,7243,129350,52409,154134,26920,155039,35,1733,3345.0,1625.0,2.8,78105,38858,14991,15619,6274,1007,1788,9577,4793,951,6146,4806,12461,7884,1790,4117,76,6580,11961,10688,8453,7512,3579,3712,4393,58008,2409,82115,2242,4208,2944,83587,15733,Forde,QLD,162,21437,53229,74666
313,86810,90780,177589,53852,51775,27626,13493,1317,1393,2707,117440,51817,133983,34803,144340,34,2167,4775.0,1863.0,2.3,114687,19615,14286,43965,22805,3422,3697,9411,4164,950,11246,5356,21102,11904,5502,3107,109,13828,35383,7341,7034,9275,3804,1625,3019,82465,3715,72588,3616,2448,1423,81457,12039,Griffith,QLD,163,46172,34044,80216
314,77671,83197,160864,30836,38487,34804,24089,3861,4219,8080,129901,22823,137383,15178,141642,38,1517,3289.0,1300.0,2.5,65064,30282,11308,17302,8027,1003,1103,8392,3097,1858,7546,5221,9562,6641,1256,3284,72,5953,14192,8348,7492,5972,2693,2144,3499,51004,1454,89711,2134,1453,3307,51854,10880,Groom,QLD,164,19492,59118,78610
315,81309,82738,164046,37209,42128,32339,15963,7650,8236,15885,128942,22857,137454,13748,142399,35,1517,3679.0,1300.0,2.5,68614,31864,10863,16391,6926,1614,943,9371,3103,910,7862,4680,9150,7564,1175,3390,90,5654,14214,8909,8721,5852,2496,2578,2861,52117,1278,77770,1025,898,1037,66891,15064,Herbert,QLD,165,20116,61166,81282
316,75739,80821,156565,21717,33864,47622,35102,3862,3996,7860,122891,23878,139368,7976,139058,49,1300,2496.0,1300.0,2.3,51063,33596,10260,11692,4455,535,544,5826,2514,1035,5873,3965,6301,5535,658,2731,39,3894,9177,6049,6836,3831,2168,1684,3195,37418,1345,76705,694,636,700,63963,12459,Hinkler,QLD,166,17871,73838,91709
317,87392,84011,171402,30229,41959,42223,23080,12773,12529,25308,132278,21401,138101,15147,145398,40,1430,3111.0,1083.0,2.5,56376,33631,9661,11346,4141,910,498,10399,3187,1947,5066,4881,7019,5054,716,2964,60,5961,9405,8998,6250,4721,2106,3100,4107,45563,1128,84238,527,459,2201,61633,21175,Kennedy,QLD,167,16700,67842,84542
318,87048,88573,175620,33247,48640,39576,17760,13836,14864,28703,121434,37978,125859,32482,144561,39,1600,3363.0,1343.0,2.5,73526,33095,13468,18822,8149,1574,830,8839,3627,1367,8223,5393,10225,7772,1640,4405,66,6893,15665,9116,8953,6029,3161,2289,3722,56806,2760,76536,1560,747,1646,71914,20272,Leichhardt,QLD,168,28628,52904,81532
319,78720,82842,161558,36313,45828,30034,20778,1975,2122,4091,116537,39042,129719,25196,138884,37,2000,4056.0,1690.0,2.4,87558,24889,14060,28319,12786,1907,2876,8609,3669,824,8427,4834,15508,8323,3128,3227,78,9141,22201,8058,6898,8162,3131,2065,3005,63613,2116,76604,4554,1328,2646,64794,9406,Lilley,QLD,169,37269,41152,78421
320,91490,95091,186589,34714,45521,43645,26882,4519,4574,9095,143288,33582,163809,11554,161917,39,1733,2986.0,1517.0,2.6,68205,41524,14446,13058,4724,831,1273,8845,4251,1211,5630,4353,9983,7570,1254,3761,96,5493,9544,9729,8470,6540,3266,3036,4610,51620,1523,81661,788,513,1153,86054,14786,Longman,QLD,302,22435,66946,89381
321,75547,75875,151422,24511,35208,40588,24686,5534,5789,11322,123521,13038,131789,5725,132339,43,1200,2873.0,1040.0,2.4,47952,28805,8725,10510,3277,561,380,7318,2360,3235,4574,4457,6523,4293,557,2688,54,6936,7538,6499,5027,4104,1900,2326,4189,39222,627,84954,394,272,615,47963,16544,Maranoa,QLD,170,12070,64578,76648
322,77965,85643,163608,30342,44882,35982,23704,1649,1691,3339,114885,40788,137166,18049,138629,40,2000,3458.0,2102.0,2.5,78827,29296,15270,22726,9607,1120,1206,6665,5253,909,8234,5250,13252,7502,2948,3987,46,8255,17680,8829,7653,6569,3988,1536,3079,58666,2220,73961,999,670,803,73387,11225,McPherson,QLD,171,28284,52096,80380
323,89128,93016,182143,42028,47369,41891,28583,1697,1760,3453,109951,58593,136093,32419,139387,40,1858,3328.0,1863.0,2.3,92799,30811,17575,26289,11246,1315,1614,6771,4748,854,8662,4366,15663,8217,3007,5241,98,8669,17087,9184,8737,6782,4944,2124,4502,63247,3359,78793,2577,1751,1678,76422,16935,Moncrieff,QLD,172,23891,52919,76810
324,83616,84858,168476,41807,46450,30157,17967,1264,1438,2701,96085,66005,100457,60842,132664,36,2000,3575.0,1712.0,2.7,99452,18681,12898,34487,19290,2967,3852,8392,2896,836,8611,4623,15742,8619,3471,2682,92,8343,25375,6864,6420,7346,3473,2535,3609,65082,6876,65090,5544,7943,3852,69287,9726,Moreton,QLD,173,35590,35315,70905
325,93316,93200,186519,40067,52126,31943,15087,3558,3217,6776,110455,67859,116176,57825,148530,34,1733,3410.0,1560.0,2.9,87867,27925,13946,22829,11211,2050,2751,9288,2649,769,7093,4478,13700,8043,1881,3230,110,6963,17096,7921,8044,7414,3046,3365,3722,58605,9239,79652,6570,6896,3499,65297,15204,Oxley,QLD,174,32085,46634,78719
326,89184,96101,185285,33144,50445,38717,26322,3106,3327,6434,127023,50444,149896,27197,156889,39,1800,3371.0,1647.0,2.6,82513,34532,15873,20892,9076,1328,2498,8982,3645,835,7875,4821,13278,8282,1891,3796,82,7311,16046,8927,8909,7824,3363,2866,3589,59847,1916,87153,5329,1444,3623,74293,11454,Petrie,QLD,175,28923,55920,84843
327,92452,94401,186856,38651,50569,33496,15164,3184,3309,6493,106163,69542,115039,59615,143172,34,1650,3077.0,1517.0,2.9,81025,29940,13092,18910,8795,1255,2514,8194,3073,633,5733,4117,12715,7312,1704,3078,111,5368,12939,8014,7616,7016,3263,3881,4036,53154,5184,77689,4187,12552,3943,68424,14800,Rankin,QLD,176,25129,44055,69184
328,80434,83367,163797,34909,45721,29139,18773,956,975,1931,110911,48391,130004,28920,140169,36,2200,4260.0,1820.0,2.6,103411,15909,12246,37817,24285,4008,3497,8578,3162,1068,8884,5037,15658,10128,3824,2028,72,11547,30820,5371,5750,7224,2957,1130,2095,67726,2870,70806,3888,2071,939,74821,8058,Ryan,QLD,177,42279,36442,78721
329,75366,76871,152236,19071,35984,48337,29070,3559,3349,6902,118401,23329,136092,5767,134479,49,1440,2600.0,1300.0,2.4,55269,32229,11722,13341,5264,705,481,6281,3121,1515,4681,3877,7030,5185,1243,3159,44,5395,8749,6776,5920,4185,2523,1840,3251,39378,1193,67241,313,194,743,68213,14200,Wide Bay,QLD,178,21402,63171,84573
330,90275,91387,181665,30563,49267,40576,19204,3482,3676,7153,139259,32377,159046,12069,158130,39,1850,3259.0,1538.0,2.9,69687,38317,13899,14760,6026,1052,1090,10325,4709,1766,6109,5017,10562,6896,1547,3515,82,7503,11545,10788,7286,6674,2977,3142,4395,55381,1519,83495,1057,1117,1264,78850,14234,Wright,QLD,316,18371,62884,81255
401,98241,99379,197621,54668,51563,38016,23333,1368,1377,2743,117228,72675,118480,70728,155313,36,1733,3510.0,1495.0,2.3,113460,22529,14465,40193,22399,3278,4010,9271,3353,974,11735,4996,18118,10621,3958,3659,70,10212,29180,8154,9041,8456,3748,2445,4215,76591,7933,73789,10327,9566,5051,79294,11486,Adelaide,SA,179,44215,43494,87709
402,86597,85087,171687,26843,41394,47399,29417,2614,2454,5065,140683,19336,149959,10033,152628,45,1170,2955.0,953.0,2.3,54007,34805,10108,11615,4000,1024,513,8347,2527,3604,5282,4359,7658,5985,867,3267,47,7631,8851,7769,6765,4591,2537,2248,4811,45923,1088,70460,486,1161,1375,81714,15342,Barker,SA,180,20600,74666,95266
403,84355,91268,175626,34268,44776,41688,30251,881,884,1768,125216,45251,138771,31529,153297,42,1800,3571.0,1430.0,2.3,94359,24425,14553,33263,17413,2739,2297,7765,3320,1115,10760,5612,14712,9541,2879,2725,44,9528,24877,7405,8306,7281,3093,1441,2676,65535,2612,71180,4931,3081,2032,83137,8495,Boothby,SA,182,44192,46464,90656
404,86860,84624,171485,27486,40167,48206,29219,6215,6433,12647,140896,17254,148871,9597,153034,45,1100,2786.0,867.0,2.3,50606,34387,9346,10559,3688,576,441,9156,2358,2691,5513,4519,6321,5482,646,2743,36,6595,8835,7727,6551,4051,1982,2790,3520,42832,868,70366,554,458,1092,81253,16844,Grey,SA,183,18887,73106,91993
405,84066,88465,172532,34521,44767,41495,27801,1653,1710,3365,121251,45196,126449,39957,151919,42,1733,3363.0,1365.0,2.3,82030,29338,13578,24032,10728,1878,2094,9183,3362,848,7609,4818,13329,8163,2273,3306,70,8115,17710,8605,7879,7465,3024,2269,3122,59112,3844,81617,3345,3533,3011,68381,8698,Hindmarsh,SA,185,36037,56352,92389
406,81370,84740,166105,30596,43271,40167,22704,1510,1602,3107,122856,37292,146082,14170,150520,40,1452,3133.0,1387.0,2.5,68634,36766,12885,16368,6610,1353,1527,8441,3598,1173,6951,4401,10129,8526,1724,3394,71,5879,12929,9676,9067,6875,2912,1997,3090,53258,1284,59842,1217,1302,1287,91734,9343,Kingston,SA,186,32601,57105,89706
407,86318,87443,173757,34493,45714,37923,24987,1520,1518,3041,116701,51897,126383,40772,151559,39,1500,3129.0,1387.0,2.6,74160,32357,13013,18851,8636,1618,2479,9740,2977,968,6826,4374,11549,7409,1568,3140,65,6046,13887,9229,8678,7101,2843,2694,3439,54847,4110,69551,5960,8334,4749,71801,9207,Makin,SA,187,28258,58969,87227
408,85054,88675,173735,23899,42835,49578,31018,1114,1099,2209,135752,29769,158912,7369,159130,46,1595,3150.0,1365.0,2.5,75071,33452,14775,22056,10585,2081,1090,8120,3609,2657,8056,5269,10077,8114,2231,3064,36,9146,16530,8841,7351,6148,2799,1720,3227,56544,1259,64114,373,285,828,94935,11808,Mayo,SA,188,40290,59311,99601
409,93202,95019,188227,40742,46772,36995,20278,3301,3379,6687,132059,45892,142501,35418,163268,35,1300,2752.0,1192.0,2.6,61049,36185,10352,10372,3741,825,1313,8005,2285,999,5228,3142,8562,7677,1033,3097,76,4085,7825,7909,8691,5521,2650,3003,4030,44580,5772,66420,3331,7989,2304,89390,12970,Spence,SA,325,25750,65122,90872
410,90636,96716,187354,36098,49017,41152,33472,754,789,1536,118454,63408,124276,57405,156096,41,1828,3579.0,1473.0,2.4,104019,21323,14455,37862,21901,2881,3362,8601,3234,925,10771,5543,17367,9454,3081,2830,54,10222,27977,7106,7389,8241,3394,1848,3098,70193,4983,84683,7564,4556,4293,72071,8922,Sturt,SA,190,38767,49774,88541
501,90571,90975,181547,37310,49657,33307,17537,3033,2585,5620,114433,57225,149187,20865,150175,35,1733,3432.0,1430.0,2.7,68495,39444,13311,14013,5310,1311,1564,13109,3312,989,6123,4921,9517,6883,1451,3910,81,5560,11134,12680,9001,6058,2888,3861,3815,55868,1870,70508,2128,1609,2075,88787,14504,Brand,WA,235,26202,58362,84564
502,90718,91615,182330,38438,51217,31752,16331,2657,2815,5472,99993,72732,116105,55709,145358,35,1725,3237.0,1343.0,2.7,75142,31810,12921,18715,7975,1728,2403,11917,2654,841,6121,4030,11125,6490,1575,3762,89,4885,12531,10694,8264,6543,2974,4335,4198,55366,5313,70882,7966,14499,4882,65840,12884,Burt,WA,317,25872,51079,76951
503,78193,81752,159946,25686,39231,40330,26501,2166,2214,4385,109788,41184,138997,11547,138477,42,1800,3007.0,1365.0,2.5,56386,35042,11809,11720,4421,1026,820,10682,2967,1178,4910,4426,7293,5146,1014,3078,69,5064,8856,10287,6364,4717,2342,3380,2869,44654,1423,67669,1043,870,1326,75499,12053,Canning,WA,236,19557,64147,83704
504,89247,90932,180177,38418,47646,38632,22209,1802,2066,3868,99194,72464,108238,62443,148328,38,1700,3137.0,1430.0,2.6,82182,29566,13593,21575,8565,2131,2183,10087,3529,764,6212,4556,12088,6879,2111,3831,82,5874,14690,10094,8048,6857,3283,3218,4092,57115,8983,82041,4272,11734,2571,57951,11553,Cowan,WA,237,30750,52186,82936
505,83620,89421,173040,34184,46521,35752,26354,635,654,1290,108861,57136,136913,28698,146376,39,2500,4832.0,1733.0,2.4,107391,14896,13118,44142,24498,4583,1777,9587,3431,1114,12327,5274,17508,9969,3142,1953,76,13090,34052,5562,5667,6802,3062,1234,2340,72787,4324,73690,2837,1768,1046,78377,10377,Curtin,WA,238,44732,41565,86297
506,104921,96523,201445,40094,56579,42901,17635,15315,15381,30699,140928,33351,151157,21894,159984,37,1678,4021.0,1001.0,2.5,64702,38773,11401,14409,5502,1341,630,15165,3842,2485,6225,6088,9097,5648,1255,3376,70,7861,12282,13231,6782,5960,2354,4607,4486,58672,1939,76552,1058,1782,1502,85797,32719,Durack,WA,312,22741,57137,79878
507,77818,80181,157999,23893,42176,39468,22090,2160,2176,4339,117275,31246,136986,11256,137368,42,1700,3289.0,1408.0,2.5,58263,34299,11301,15074,5355,1419,768,10088,3635,1943,5980,5361,7980,5408,1414,3350,75,5882,11248,10710,6336,4815,2683,3135,4165,49708,1336,63257,625,930,765,78176,12839,Forrest,WA,239,26903,60515,87418
508,81582,85202,166782,34762,47825,34038,18472,1474,1510,2990,105368,53933,127670,31209,142403,38,1972,4047.0,1603.0,2.5,83619,27643,13286,26603,12704,2895,1734,12027,3498,1303,8559,5774,12065,7964,2965,3223,68,8703,22082,10565,7132,6929,2838,2375,2991,64532,2636,71457,2276,2053,1171,76425,10554,Fremantle,WA,240,39604,43607,83211
509,87342,87397,174739,33942,48692,34400,18762,3127,2646,5770,113433,53729,135282,29311,148558,37,1950,3757.0,1499.0,2.7,75515,33551,14049,18845,7994,2013,1693,12435,3047,1192,6373,5334,11096,6946,1988,3712,77,7299,14276,11200,8013,7087,3035,3591,3084,58502,2487,72403,4352,3875,3306,75115,13056,Hasluck,WA,305,29410,55555,84965
510,81170,82942,164113,25340,45195,41120,19345,688,642,1326,99039,60312,141710,17418,145661,42,2158,4000.0,1733.0,2.7,83982,28136,15010,26364,11387,2439,1848,11360,4541,984,7793,6521,13364,6763,2157,2772,50,9803,20994,9976,6702,7430,2932,1725,2295,62677,1659,77679,1409,1402,764,73209,7776,Moore,WA,242,33203,53327,86530
511,90288,85785,176071,28948,44675,46100,24880,5109,4913,10018,127509,30751,145037,13141,145935,42,1400,3345.0,1083.0,2.4,58986,33821,10305,13399,4723,1355,548,10977,2738,3671,5393,5366,7076,4824,1119,2899,73,7972,9808,9775,5670,4565,2115,3838,4045,48544,1291,68003,689,1086,980,82359,21588,O'Connor,WA,243,20899,65065,85964
512,87063,90442,177513,36059,51318,29724,14756,1503,1565,3070,97994,72404,138285,31434,149505,35,1950,3718.0,1603.0,2.8,78830,34775,14611,18149,6642,1537,2028,11512,4616,896,7077,5075,11790,7296,1792,4206,84,6986,14127,12078,8746,7418,3351,3185,3698,60559,2957,75342,4804,3933,1707,78375,10255,Pearce,WA,244,26301,57631,83932
513,90157,91775,181928,49630,52692,34394,20819,1096,1142,2232,103698,68349,126392,45189,144343,37,1989,4407.0,1560.0,2.2,107154,22938,15427,40037,20020,4119,3225,11870,3743,1114,9491,5461,18489,10978,4988,3748,75,11442,32012,9126,8125,8562,3676,2313,3671,79939,6344,69586,4690,4226,1664,79715,13166,Perth,WA,245,45392,38107,83499
514,95172,94696,189872,51088,50799,35510,20854,2048,2088,4141,105200,73912,124871,53251,145021,36,1850,3887.0,1517.0,2.4,101587,27141,15264,33371,16530,3576,3214,13411,3244,1133,8683,4745,16947,8495,2903,4192,93,8957,24166,10600,8575,8226,3692,3799,4330,73548,6851,72008,6690,10758,3560,75212,14624,Swan,WA,247,34313,45391,79704
515,89890,94068,183959,31162,50389,41419,25478,1070,901,1971,101178,77326,121643,55133,151923,40,2100,3657.0,1733.0,2.7,101709,22289,14899,36577,18201,3468,2846,12655,2731,981,9343,5664,16430,7110,2333,2648,51,9958,26532,8181,6543,8028,3340,2232,2713,68438,8150,80920,7183,6169,2983,68584,9833,Tangney,WA,248,36681,51319,88000
601,53949,56024,109977,21520,26361,27315,17510,2090,2269,4356,87158,16698,94958,9380,96439,41,1300,2925.0,1170.0,2.3,39600,20342,7062,12144,6245,788,930,4913,2261,1164,4734,3129,6378,4115,1063,2199,36,4291,9191,5131,4949,3328,1753,1605,2390,33142,1194,42654,2057,1204,1021,54126,7639,Bass,TAS,192,22570,35278,57848
602,53421,56132,109556,18294,25719,30170,19050,4528,4832,9361,91208,11307,99113,4341,99003,45,1200,2760.0,1040.0,2.3,30297,23426,6706,8210,3484,488,518,5492,2209,1232,3491,2838,5242,4111,546,2182,23,3916,6483,5428,4763,2931,1525,1746,2659,29935,705,42779,719,473,530,55814,8482,Braddon,TAS,193,18113,47473,65586
603,54689,57059,111750,28569,27477,24054,15305,1807,1909,3721,78772,28046,85174,21543,89663,37,1517,3380.0,1538.0,2.4,58583,14809,7288,20006,14857,2178,2204,3929,1987,868,5492,3040,10258,6271,2075,2083,53,5396,14574,5085,5964,4380,2227,1235,2560,42085,2067,37665,4973,2276,1569,56296,6779,Clark,TAS,319,31867,22065,53932
604,54604,57234,111833,20221,28098,27967,17428,3017,2918,5934,88529,18368,97140,9535,98606,41,1517,3358.0,1517.0,2.5,48690,19317,8467,15466,9226,1611,1384,4690,2744,1131,4509,3392,8085,5346,1395,2118,41,5562,11705,5771,4991,4420,1722,992,2082,37845,1040,43324,1494,668,769,57273,7194,Franklin,TAS,195,31522,29885,61407
605,56331,56733,113067,18726,27093,32510,16927,3225,3441,6660,94156,11092,102497,3808,102452,44,1300,2825.0,1170.0,2.4,34056,23506,7104,8422,3644,628,546,4994,2633,1797,3293,2395,5542,4042,741,2302,28,4601,5865,5854,4622,3577,1506,1578,2470,30640,583,47197,479,327,511,54799,9121,Lyons,TAS,196,20372,42060,62432
701,61863,59140,121004,29982,33588,19728,4977,24415,24324,48745,93143,17240,61412,46293,100268,32,2000,3146.0,823.0,3.0,36903,18141,5913,8870,4755,680,590,5649,1823,1370,4190,3212,5507,4643,731,1856,47,4662,8291,5329,5452,3750,1142,1246,1920,32483,1521,52270,1415,1438,4187,43445,16641,Lingiari,NT,306,19870,24262,44132
702,55064,55222,110288,28329,31664,18643,6550,5229,5868,11095,67397,33785,70784,29619,84460,34,2000,4810.0,1647.0,2.6,51720,17152,7804,15855,9746,1237,1682,6573,1818,902,5934,3545,10111,6082,1145,2286,56,5996,13082,6192,6299,5425,2015,1448,2093,43288,3604,41247,4815,2665,1381,45307,11186,Solomon,NT,307,17398,31613,49011
801,75080,77528,152610,31139,41607,32246,17911,1944,1858,3800,109931,37692,116516,30360,136407,38,2054,5126.0,1863.0,2.6,85738,20300,13023,26621,17681,2745,5004,6103,3075,1016,6702,4311,12988,10786,2566,2446,36,11412,21076,6556,5783,8832,1991,1183,1806,59850,3344,65794,5361,3936,1722,64152,8104,Bean,ACT,318,49487,38243,87730
802,71449,74059,145507,42014,37233,26248,17106,1020,1035,2050,96554,41656,105717,32031,122022,35,2167,5586.0,2058.0,2.3,99115,10486,8749,35249,30739,4561,4714,4525,2094,1225,5643,3713,13142,18398,3669,1545,54,14966,28718,3884,4888,7284,1989,681,1766,65549,4266,47855,4722,3051,1094,73716,10221,Canberra,ACT,101,53971,21910,75881
803,78697,79572,158267,38953,47208,23268,11276,1652,1618,3267,101597,51771,102568,49988,133117,34,2006,4962.0,1950.0,2.7,91325,18583,12790,28239,21236,3173,7176,6044,3007,1063,5441,4690,15992,11388,2715,2959,46,11594,22556,7123,7431,9536,2815,1415,2285,66105,5080,60571,10420,7620,3262,63448,7761,Fenner,ACT,102,46771,34265,81036
